{"cameraMode":{"drawMode":0,"name":"Shaded","section":"Shading Mode"},"sceneLighting":false,"audioPlay":false,"sceneViewState":{"showFog":true,"showMaterialUpdate":false,"showSkybox":false,"showFlares":true,"showImageEffects":true,"showParticleSystems":true},"in2DMode":false,"pivot":{"x":-51.439029693603519,"y":174.7788543701172,"z":-232.73159790039063},"rotation":{"x":-0.02768523246049881,"y":0.9722610116004944,"z":-0.1693987101316452,"w":-0.15889868140220643},"size":6.118756294250488,"orthographic":false}