{"cameraMode":{"drawMode":0,"name":"Shaded","section":"Shading Mode"},"sceneLighting":false,"audioPlay":false,"sceneViewState":{"showFog":true,"showMaterialUpdate":false,"showSkybox":false,"showFlares":true,"showImageEffects":true,"showParticleSystems":true},"in2DMode":false,"pivot":{"x":-52.415000915527347,"y":158.39300537109376,"z":-229.22000122070313},"rotation":{"x":0.06142428517341614,"y":0.936648964881897,"z":-0.2728904187679291,"w":0.21082831919193269},"size":0.07026158273220062,"orthographic":true}