{"cameraMode":{"drawMode":0,"name":"Shaded","section":"Shading Mode"},"sceneLighting":false,"audioPlay":false,"sceneViewState":{"showFog":true,"showMaterialUpdate":false,"showSkybox":true,"showFlares":true,"showImageEffects":true,"showParticleSystems":true},"in2DMode":false,"pivot":{"x":-118.501953125,"y":6.298828125,"z":-60.53271484375},"rotation":{"x":0.12499567866325379,"y":0.3821756839752197,"z":-0.05225944519042969,"w":0.914107084274292},"size":3.2972376346588136,"orthographic":true}