{"cameraMode":{"drawMode":0,"name":"Shaded","section":"Shading Mode"},"sceneLighting":false,"audioPlay":false,"sceneViewState":{"showFog":true,"showMaterialUpdate":false,"showSkybox":false,"showFlares":true,"showImageEffects":true,"showParticleSystems":true},"in2DMode":false,"pivot":{"x":0.1399993896484375,"y":9.489999771118164,"z":0.0800018236041069},"rotation":{"x":0.07491078227758408,"y":0.022435080260038377,"z":-0.0016858234303072095,"w":0.9969365000724793},"size":3.4644064903259279,"orthographic":true}