{"cameraMode":{"drawMode":0,"name":"Shaded","section":"Shading Mode"},"sceneLighting":false,"audioPlay":false,"sceneViewState":{"showFog":true,"showMaterialUpdate":false,"showSkybox":false,"showFlares":true,"showImageEffects":true,"showParticleSystems":true},"in2DMode":false,"pivot":{"x":-34.25201416015625,"y":113.12890625,"z":-225.3415985107422},"rotation":{"x":-0.00013620122626889497,"y":0.9995431900024414,"z":-0.029995229095220567,"w":-0.004497982561588287},"size":3.3212339878082277,"orthographic":true}